canonical_smiles,standard_value
[H]c1c([H])c(C([H])([H])c2nn([H])c(=O)c3c([H])c([H])c([H])c([H])c23)c([H])c(C(=O)N2C([H])([H])C([H])([H])N(C(=O)C3([H])C([H])([H])C3([H])[H])C([H])([H])C2([H])[H])c1F,1.0
[H]c1c2c(c3c(C([H])([H])C([H])([H])N([H])C(=O)N4C([H])([H])C([H])([H])N([H])C([H])([H])C4([H])[H])c([H])n([H])c3c1[H])C([H])([H])C([H])([H])N([H])C2=O,1.0
[H]c1c2c(c3c(C([H])([H])C([H])([H])N([H])C(=O)N4C([H])([H])C([H])([H])N([H])C([H])([H])C([H])([H])C4([H])[H])c([H])n([H])c3c1[H])C([H])([H])C([H])([H])N([H])C2=O,1.0
[H]c1nc([H])c(C([H])([H])C([H])([H])C(=O)N2C([H])([H])C([H])([H])c3c([H])c([H])c([H])c4c3C2([H])C([H])([H])N([H])C4=O)nc1[H],1.0
[H]c1c([H])c([C@@]2([H])C([H])([H])N([H])C([H])([H])C([H])([H])C2([H])[H])c([H])c([H])c1-n1nc2c(C(=O)N([H])[H])c([H])c([H])c([H])c2c1[H],1.0
[H]C1=C(c2c([H])c([H])c(F)c([H])c2[H])C([H])([H])C([H])([H])N(C([H])([H])C([H])([H])C([H])([H])c2nc3c(Cl)c([H])c([H])c([H])c3c(=O)n2[H])C1([H])[H],1.0
[H]c1nc2c([H])c([H])c([H])c(C(=O)N([H])[H])c2nc1-c1c([H])c([H])c(C#N)c([H])c1[H],1.0
[H]Oc1nc(-c2c([H])c([H])c(C(F)(F)F)c([H])c2[H])nc2c1C([H])([H])SC([H])([H])C2([H])[H],1.0
[H]c1c([H])c([H])c(N([H])C(=O)c2c([H])c([H])c(N([H])C(=O)C([H])([H])C([H])([H])c3nc4c([H])c([H])c([H])c([H])c4c(=O)n3[H])c([H])c2[H])c(OC([H])([H])[H])c1[H],1.0
[H]c1c([H])c(C(F)(F)F)c([H])c([H])c1-c1nc2c(c(=O)n1[H])C([H])([H])C([H])([H])SC2([H])[H],1.0
[H]c1nc(N2C([H])([H])C([H])([H])N(C(=O)c3c([H])c([H])c([H])c(C([H])([H])c4nn([H])c(=O)c5c([H])c([H])c([H])c([H])c45)c3[H])C([H])([H])C2([H])[H])c(C#N)c([H])c1[H],1.0
[H]Oc1nc(-c2c([H])c([H])c(C(F)(F)F)c([H])c2[H])nc2c(OC([H])([H])[H])c([H])c([H])c([H])c12,1.0
[H]c1c([H])c(-c2nc3c(OC([H])([H])[H])c([H])c([H])c([H])c3c(=O)n2[H])c([H])c([H])c1Br,1.0
[H]c1c([H])c(-c2nc3c(C([H])([H])[H])c([H])c([H])c([H])c3c(=O)n2[H])c([H])c([H])c1F,1.0
[H]c1c([H])c(C(=O)C2([H])C([H])([H])C([H])([H])N(C([H])([H])C(=O)N([H])C([H])([H])c3nc4c(c(=O)n3[H])C([H])([H])C([H])([H])C([H])([H])C4([H])[H])C([H])([H])C2([H])[H])c([H])c([H])c1OC([H])([H])[H],1.0
[H]c1c([H])c(C(=O)C2([H])C([H])([H])C([H])([H])N(C([H])([H])C(=O)N([H])C([H])([H])c3nc4c(c(=O)n3[H])C([H])([H])C([H])([H])C([H])([H])C4([H])[H])C([H])([H])C2([H])[H])c([H])c([H])c1F,1.0
[H]c1c([H])c(C(=O)C2([H])C([H])([H])C([H])([H])N(C([H])([H])C(=O)N([H])C([H])([H])c3nc4c(c(=O)n3[H])C([H])([H])OC([H])([H])C4([H])[H])C([H])([H])C2([H])[H])c([H])c([H])c1OC([H])([H])C1([H])C([H])([H])C([H])([H])C1([H])[H],1.0
[H]c1c([H])c(C(=O)C2([H])C([H])([H])C([H])([H])N(C([H])([H])C(=O)N([H])C([H])([H])c3nc4c(c(=O)n3[H])C([H])([H])OC([H])([H])C4([H])[H])C([H])([H])C2([H])[H])c([H])c([H])c1OC([H])([H])C([H])([H])C1([H])C([H])([H])C1([H])[H],1.0
[H]c1c([H])c(C([H])([H])c2nn([H])c(=O)c3c([H])c([H])c([H])c([H])c23)c([H])c(C(=O)N2C([H])([H])c3nnc(C(F)(F)F)n3C([H])(C([H])([H])[H])C2([H])[H])c1F,1.0
[H]c1c([H])c([H])c2c3c1C(=O)N([H])N=C1c3c(n2[H])C([H])([H])C([H])([H])C1([H])[H],1.0
[H]c1c([H])c([H])c2c3c1C(=O)N([H])N=C1c3c(n2[H])C([H])([H])C([H])([H])C([H])([H])C1([H])[H],1.0
[H]c1c([H])c([H])c2c3c1C(=O)N([H])N=C1c3c(n2[H])C([H])([H])C([H])(C([H])([H])[H])C1([H])[H],1.0
[H]c1c([H])c([H])c(C2([H])C([H])([H])C3=NN([H])C(=O)c4c([H])c([H])c([H])c5c4c3c(n5[H])C2([H])[H])c([H])c1[H],1.0
[H]c1c([H])c([H])c2c3c1C(=O)N([H])N=C1c3c(n2[H])C([H])([H])C([H])(C([H])(C([H])([H])[H])C([H])([H])[H])C1([H])[H],1.0
[H]c1c(F)c([H])c2c3c1C(=O)N([H])N=C1c3c(n2[H])C([H])([H])C([H])([H])C1(C([H])([H])[H])C([H])([H])[H],1.0
[H]c1c([H])c([H])c2c3c1C(=O)N([H])N=C1c3c(n2[H])C([H])([H])C(C([H])([H])[H])(C([H])([H])[H])C1([H])[H],1.0
[H]c1c(F)c2c3c4c(n([H])c3c1[H])C([H])([H])C(C([H])([H])[H])(C([H])([H])[H])C([H])([H])C4=NN([H])C2=O,1.0
[H]c1c([H])c([H])c(C([H])([H])OC(=O)N2C([H])([H])C3=NN([H])C(=O)c4c([H])c(F)c([H])c5c4c3c(n5[H])C2([H])[H])c([H])c1[H],1.0
[H]c1c([H])c([H])c2c3c1C(=O)N([H])N=C1c3c(n2C([H])([H])C([H])([H])N2C([H])([H])C([H])([H])C([H])([H])C([H])([H])C2([H])[H])C([H])([H])C(C([H])([H])[H])(C([H])([H])[H])C1([H])[H],1.0
[H]c1c([H])c([H])c2c3c1C(=O)N([H])N=C1c3c(n2C([H])([H])C2([H])OC2([H])[H])C([H])([H])C(C([H])([H])[H])(C([H])([H])[H])C1([H])[H],1.0
[H]c1c([H])c([H])c2c3c1C(=O)N([H])N=C1c3c(n2[H])C([H])([H])N(C([H])(C([H])([H])[H])C([H])([H])[H])C1([H])[H],1.0
[H]c1c([H])c([H])c2c3c1C(=O)N([H])N=C1c3c(n2[H])C([H])([H])N(C(=O)C(C([H])([H])[H])(C([H])([H])[H])C([H])([H])[H])C1([H])[H],1.0
[H]c1c([H])c([H])c2c3c1C(=O)N([H])N=C1c3c(n2[H])C([H])([H])N(C(=O)C(N([H])[H])(C([H])([H])[H])C([H])([H])[H])C1([H])[H],1.0
[H]c1c([H])c([H])c2c(=O)n([H])nc3c2c1N([H])C1=C3C([H])([H])C(C([H])([H])[H])(C([H])([H])[H])C([H])([H])C1([H])[H],1.0
[H]c1c([H])c([H])c2c(=O)n([H])nc3c2c1N([H])C1=C3C([H])([H])C([H])([H])C([H])([H])C1([H])[H],1.0
[H]c1c([H])c([H])c2c(=O)n([H])nc3c2c1N([H])C1=C3C([H])([H])C([H])([H])C([H])([H])C([H])([H])C1([H])[H],1.0
[H]c1c([H])c([H])c2c(=O)n([H])nc3c2c1N([H])C1=C3C([H])([H])C([H])([H])N(C(=O)OC(C([H])([H])[H])(C([H])([H])[H])C([H])([H])[H])C1([H])[H],1.0
[H]c1c([H])c([H])c2c(=O)n([H])nc3c2c1N([H])C1=C3C([H])([H])C([H])([H])N([H])C1([H])[H],1.0
[H]c1c([H])c(C([H])([H])N([H])C([H])([H])[H])c([H])c([H])c1-c1c2c3c(c([H])c(F)c([H])c3n1[H])C(=O)N([H])C([H])([H])C2([H])[H],1.0
[H]c1c([H])c([H])c2c(c1[H])c(=O)n([H])c1c([H])c([H])c(N([H])C(=O)C([H])([H])N(C([H])([H])[H])C([H])([H])[H])c([H])c21,1.0
[H]c1nc(N2C([H])([H])[C@]([H])(C([H])([H])[H])N([H])[C@]([H])(C([H])([H])[H])C2([H])[H])c([H])c(C([H])([H])[H])c1-c1c([H])c([H])c(-c2nc3c(c([H])c([H])n3C([H])([H])[H])c(=O)n2[H])c([H])c1[H],1.0
[H]c1c([H])c(C(=O)N([H])[H])c2c(nc([C@]3(C([H])([H])[H])N([H])C([H])([H])C([H])([H])C3([H])[H])n2[H])c1[H],1.0
[H]OC(=O)C([H])([H])C([H])([H])c1nc2c(C([H])([H])[H])c([H])c([H])c([H])c2c(=O)n1[H],1.0
[H]OC(=O)C([H])([H])C([H])([H])c1nc(O[H])c2c([H])c([H])c([H])c([H])c2n1,1.0
[H]c1c([H])c(C(F)(F)F)c([H])c([H])c1-c1nc2c(c(=O)n1[H])C(=O)SC([H])([H])C2([H])[H],1.0
[H]c1c([H])c([H])c2c(nc(C(=O)N([H])C3([H])C([H])([H])C([H])([H])N(C([H])([H])C(F)(F)F)C([H])([H])C3([H])[H])n2[H])c1C(=O)N([H])[H],1.0
[H]c1c([H])c([H])c2c(nc(C(=O)N([H])C3([H])C([H])([H])C([H])([H])N(C([H])([H])C4([H])C([H])([H])C4([H])[H])C([H])([H])C3([H])[H])n2[H])c1C(=O)N([H])[H],1.0
[H]c1c([H])c([H])c2c(nc(C(=O)N3C([H])([H])C([H])([H])C([H])(N([H])[H])C3([H])[H])n2[H])c1C(=O)N([H])[H],1.0
[H]c1c([H])c([H])c2c(nc(C(=O)N3C([H])([H])C([H])([H])C([H])(N([H])C([H])([H])C([H])([H])C([H])([H])[H])C3([H])[H])n2[H])c1C(=O)N([H])[H],1.0
[H]c1c([H])c([H])c2c(nc(C(=O)N3C([H])([H])C([H])([H])C([H])(N([H])C4([H])C([H])([H])C([H])([H])C([H])([H])C([H])([H])C4([H])[H])C3([H])[H])n2[H])c1C(=O)N([H])[H],1.0
[H]c1c(F)c([H])c2c(nc(C(=O)N3C([H])([H])C([H])([H])C([H])(N([H])[H])C3([H])[H])n2[H])c1C(=O)N([H])[H],1.0
[H]c1c(F)c([H])c2c(nc(C(=O)N3C([H])([H])C([H])([H])C([H])(N([H])C4([H])C([H])([H])C([H])([H])C([H])([H])C([H])([H])C4([H])[H])C3([H])[H])n2[H])c1C(=O)N([H])[H],1.0
[H]c1c(F)c([H])c2c(nc(C(=O)N3C([H])([H])C([H])([H])C([H])(N([H])[H])C([H])([H])C3([H])[H])n2[H])c1C(=O)N([H])[H],1.0
[H]c1c(F)c([H])c2c(nc(C(=O)N3C([H])([H])C([H])([H])C([H])(N([H])C4([H])C([H])([H])C([H])([H])C([H])([H])C([H])([H])C4([H])[H])C([H])([H])C3([H])[H])n2[H])c1C(=O)N([H])[H],1.0
[H]ON([H])C(=O)C([H])([H])c1c([H])c([H])c(C([H])([H])N2C([H])([H])C([H])([H])N(C(=O)c3c([H])c(C([H])([H])c4nn([H])c(=O)c5c([H])c([H])c([H])c([H])c45)c([H])c([H])c3F)C([H])([H])C2([H])[H])c([H])c1[H],1.0
[H]ON([H])C(=O)c1c([H])c([H])c(C([H])([H])N2C([H])([H])C([H])([H])N(C(=O)c3c([H])c(C([H])([H])c4nn([H])c(=O)c5c([H])c([H])c([H])c([H])c45)c([H])c([H])c3F)C([H])([H])C2([H])[H])c([H])c1[H],1.0
[H]c1nc(F)c(N([H])C(=O)[C@]2([H])C([H])([H])N(c3c([H])c([H])c([H])c([H])c3[H])C([H])([H])C2([H])[H])c([H])c1C([H])([H])n1c(=O)n([H])c(=O)c2c([H])c([H])c([H])c([H])c21,1.0
[H]c1nc(F)c(N([H])C(=O)[C@]2([H])C([H])([H])N(C([H])([H])c3c([H])c([H])c([H])c([H])c3[H])C([H])([H])C2([H])[H])c([H])c1C([H])([H])n1c(=O)n([H])c(=O)c2c([H])c([H])c([H])c([H])c21,1.0
[H]c1nc(F)c(N([H])C(=O)[C@]2([H])C([H])([H])N(C(=O)C3([H])C([H])([H])C3([H])[H])C([H])([H])C2([H])[H])c([H])c1C([H])([H])n1c(=O)n([H])c(=O)c2c([H])c([H])c([H])c([H])c21,1.0
[H]c1nc(F)c(N([H])C(=O)[C@]2([H])C([H])([H])N(C3([H])C([H])([H])C([H])([H])C(F)(F)C([H])([H])C3([H])[H])C([H])([H])C2([H])[H])c([H])c1C([H])([H])n1c(=O)n([H])c(=O)c2c([H])c([H])c([H])c([H])c21,1.0
[H]c1nc(F)c(N([H])C(=O)[C@]2([H])C([H])([H])N(C([H])([H])C([H])([H])C(F)(F)F)C([H])([H])C2([H])[H])c([H])c1C([H])([H])n1c(=O)n([H])c(=O)c2c([H])c([H])c([H])c([H])c21,1.0
[H]c1nc(F)c(N([H])C(=O)[C@]2([H])C([H])([H])N(C([H])([H])C3([H])C([H])([H])C3([H])[H])C([H])([H])C2([H])[H])c([H])c1C([H])([H])n1c(=O)n([H])c(=O)c2c([H])c([H])c([H])c([H])c21,1.0
[H]c1nc(F)c(N([H])C(=O)[C@]2([H])C([H])([H])N(C([H])([H])C(F)(F)F)C([H])([H])C2([H])[H])c([H])c1C([H])([H])n1c(=O)n([H])c(=O)c2c([H])c([H])c([H])c([H])c21,1.0
O=C(Nc1cc(Cn2c(=O)[nH]c(=O)c3ccccc32)cnc1Cl)[C@H]1CCNC1.O=C(O)C(F)(F)F,1.0
[H]c1c([H])c(C([H])([H])n2c(=O)n([H])c(=O)c3c([H])c([H])c([H])c([H])c32)c([H])c(N([H])C(=O)[C@]2([H])C([H])([H])N(C(=O)OC(C([H])([H])[H])(C([H])([H])[H])C([H])([H])[H])C([H])([H])C2([H])[H])c1Br,1.0
[H]c1c([H])c(C([H])([H])n2c(=O)n([H])c(=O)c3c([H])c([H])c([H])c([H])c32)c([H])c(N([H])C(=O)[C@]2([H])C([H])([H])N(C(=O)OC(C([H])([H])[H])(C([H])([H])[H])C([H])([H])[H])C([H])([H])C2([H])[H])c1Cl,1.0
[H]c1nc(F)c(N([H])C(=O)[C@]2([H])C([H])([H])N(C(=O)OC(C([H])([H])[H])(C([H])([H])[H])C([H])([H])[H])C([H])([H])C2([H])[H])c([H])c1C([H])([H])n1c(=O)n([H])c(=O)c2c([H])c([H])c([H])c([H])c21,1.0
[H]c1nc(Cl)c(N([H])C(=O)[C@]2([H])C([H])([H])N(C(=O)OC(C([H])([H])[H])(C([H])([H])[H])C([H])([H])[H])C([H])([H])C2([H])[H])c([H])c1C([H])([H])n1c(=O)n([H])c(=O)c2c([H])c([H])c([H])c([H])c21,1.0
[H]c1c(-c2nc3c(C(=O)N([H])[H])c([H])c(F)c([H])c3n2[H])sc2c1C([H])([H])C([H])([H])N([H])C2([H])C([H])([H])C([H])([H])[H],1.0
[H]c1c(-c2nc3c(C(=O)N([H])[H])c([H])c(F)c([H])c3n2[H])sc2c1C([H])([H])C([H])([H])N([H])C2([H])C([H])([H])C([H])([H])C([H])([H])[H],1.0
[H]c1c(-c2nc3c(C(=O)N([H])[H])c([H])c(F)c([H])c3n2[H])sc2c1C([H])([H])C([H])([H])N([H])C2([H])C([H])([H])C([H])([H])C([H])([H])C([H])([H])[H],1.0
[H]c1c(-c2nc3c(C(=O)N([H])[H])c([H])c(F)c([H])c3n2[H])sc2c1C([H])([H])C([H])([H])N([H])C2([H])C([H])(C([H])([H])[H])C([H])([H])[H],1.0
[H]c1c(-c2nc3c(C(=O)N([H])[H])c([H])c(F)c([H])c3n2[H])sc2c1C([H])([H])C([H])([H])N([H])C2([H])C1([H])C([H])([H])C1([H])[H],1.0
[H]c1c(-c2nc3c(C(=O)N([H])[H])c([H])c(F)c([H])c3n2[H])sc2c1C([H])([H])C([H])([H])N([H])C2([H])C(C([H])([H])[H])(C([H])([H])[H])C([H])([H])[H],1.0
[H]c1c(-c2nc3c(C(=O)N([H])[H])c([H])c(F)c([H])c3n2[H])sc2c1C([H])([H])C([H])([H])N([H])C2([H])C([H])([H])C([H])(C([H])([H])[H])C([H])([H])[H],1.0
[H]c1c(F)c([H])c2c(nc(-c3sc4c(c3C([H])([H])[H])C([H])([H])C([H])([H])N([H])C4([H])[H])n2[H])c1C(=O)N([H])[H],1.0
[H]c1c(-c2nc3c(C(=O)N([H])[H])c([H])c(F)c([H])c3n2C([H])([H])C([H])([H])[H])sc2c1C([H])([H])C([H])([H])N([H])C2([H])[H],1.0
[H]c1c(-c2nc3c(C(=O)N([H])[H])c([H])c(F)c([H])c3n2C([H])([H])[H])sc2c1C([H])([H])C([H])([H])N([H])C2([H])C(C([H])([H])[H])(C([H])([H])[H])C([H])([H])[H],1.0
[H]c1c(-c2nc3c(C(=O)N([H])[H])c([H])c(F)c([H])c3n2C([H])([H])[H])sc2c1C([H])([H])C([H])([H])N([H])C2([H])C([H])([H])C([H])(C([H])([H])[H])C([H])([H])[H],1.0
[H]c1c(-c2nc3c(C(=O)N([H])[H])c([H])c(F)c([H])c3n2[H])oc2c1C([H])([H])C([H])([H])N([H])C2([H])[H],1.0
[H]c1c(-c2nc3c(C(=O)N([H])[H])c([H])c(F)c([H])c3n2[H])sc(C([H])([H])N([H])C([H])([H])[H])c1[H],1.0
[H]c1c(F)c([H])c2c(nc(C3=NC4([H])C([H])([H])C([H])([H])N([H])C([H])([H])C4([H])S3)n2[H])c1C(=O)N([H])[H],1.0
[H]c1c(-c2nc3c([H])c(F)c([H])c4c3n2C([H])([H])C([H])([H])N([H])C4=O)sc2c1C([H])([H])N([H])C([H])([H])C2([H])[H],1.0
[H]c1c(-c2nc3c([H])c(F)c([H])c4c3n2C([H])([H])C([H])([H])N([H])C4=O)sc2c1C([H])([H])C([H])([H])N([H])C2([H])[H],1.0
[H]OC(=O)c1c([H])c(F)c([H])c2c1nc(C1=C([H])C3([H])C([H])([H])C([H])([H])N([H])[C@@]([H])(C(C([H])([H])[H])(C([H])([H])[H])C([H])([H])[H])C3([H])S1)n2[H],1.0
[H]OC(=O)c1c([H])c(F)c([H])c2c1nc(C1=C([H])C3([H])C([H])([H])C([H])([H])N([H])[C@]([H])(C(C([H])([H])[H])(C([H])([H])[H])C([H])([H])[H])C3([H])S1)n2[H],1.0
[H]c1c(-c2nc3c(C(=O)N([H])[H])c([H])c(F)c([H])c3n2[H])sc2c1C([H])([H])C([H])([H])N([H])C2([H])C([H])([H])[H],1.0
[H]c1c(-c2nc3c(C(=O)N([H])[H])c([H])c(F)c([H])c3n2[H])sc2c1C([H])([H])N(C([H])([H])[H])C([H])([H])C2([H])[H],1.0
[H]c1c(-c2nc3c(C(=O)N([H])[H])c([H])c(F)c([H])c3n2[H])sc2c1C([H])([H])N([H])C([H])([H])C2([H])[H],1.0
[H]c1c(-c2nc3c(C(=O)N([H])[H])c([H])c(F)c([H])c3n2[H])sc2c1C([H])([H])C([H])([H])N(C([H])([H])[H])C2([H])[H],1.0
[H]c1c(-c2nc3c(C(=O)N([H])[H])c([H])c(F)c([H])c3n2[H])sc2c1C([H])([H])C([H])([H])N([H])C2([H])[H],1.0
[H]c1c(-c2nc3c(C(=O)N([H])[H])c([H])c(Cl)c([H])c3n2[H])sc2c1C([H])([H])C([H])([H])N([H])C2([H])[H],1.0
[H]c1c(-c2nc3c(C(=O)N([H])[H])c([H])c([H])c([H])c3n2[H])sc2c1C([H])([H])C([H])([H])N(C([H])([H])[H])C2([H])[H],1.0
[H]c1c(-c2nc3c(C(=O)N([H])[H])c([H])c([H])c([H])c3n2[H])sc2c1C([H])([H])C([H])([H])N([H])C2([H])[H],1.0
[H]c1c(-c2nc3c(C(=O)N([H])[H])c([H])c([H])c([H])c3n2[H])sc2c1C([H])([H])N([H])C([H])([H])C2([H])[H],1.0
[H]/C(=C1/Oc2c(c([H])c([H])c([H])c2C(=O)N([H])[H])C1=O)c1c([H])c([H])c(-c2nnn([H])n2)c([H])c1[H],1.0
[H]/C(=C1/Oc2c(c([H])c([H])c([H])c2C(=O)N([H])[H])C1=O)c1c([H])c([H])c(C(=O)N2C([H])([H])c3nnc(C(F)(F)F)n3C([H])([H])C2([H])[H])c([H])c1[H],1.0
[H]/C(=C1/Oc2c(c([H])c([H])c([H])c2C(=O)N([H])[H])C1=O)c1c([H])c([H])c(C(=O)N2C([H])([H])c3nnc(C(=O)OC([H])([H])C([H])([H])[H])n3C([H])([H])C2([H])[H])c([H])c1[H],1.0
[H]/C(=C1/Oc2c(c([H])c([H])c([H])c2C(=O)N([H])[H])C1=O)c1c([H])c([H])c(C(=O)N2C([H])([H])c3nnc(C4([H])C([H])([H])C4([H])[H])n3C([H])([H])C2([H])[H])c([H])c1[H],1.0
[H]/C(=C1/Oc2c(c([H])c([H])c([H])c2C(=O)N([H])[H])C1=O)c1c([H])c([H])c(C(=O)N2C([H])([H])c3nnc(C([H])([H])C4([H])C([H])([H])C4([H])[H])n3C([H])([H])C2([H])[H])c([H])c1[H],1.0
[H]/C(=C1/Oc2c(c([H])c([H])c([H])c2C(=O)N([H])[H])C1=O)c1c([H])c([H])c(C(=O)N2C([H])([H])c3nnc(C([H])(C([H])([H])[H])C([H])([H])[H])n3C([H])([H])C2([H])[H])c([H])c1[H],1.0
[H]/C(=C1/Oc2c(c([H])c([H])c([H])c2C(=O)N([H])[H])C1=O)c1c([H])c([H])c(C(=O)N2C([H])([H])c3nnc(C4([H])C([H])([H])C([H])([H])C([H])([H])C4([H])[H])n3C([H])([H])C2([H])[H])c([H])c1[H],1.0
[H]/C(=C1/Oc2c(c([H])c([H])c([H])c2C(=O)N([H])[H])C1=O)c1c([H])c([H])c(C(=O)N2C([H])([H])c3nnc(-c4nc([H])n(C([H])([H])[H])c4[H])n3C([H])([H])C2([H])[H])c([H])c1[H],1.0
[H]/C(=C1/Oc2c(c([H])c([H])c([H])c2C(=O)N([H])[H])C1=O)c1c([H])c([H])c(C(=O)N([H])C([H])([H])C([H])([H])c2nc3c([H])c([H])c([H])c([H])c3n2[H])c([H])c1[H],1.0
[H]/C(=C1/Oc2c(c([H])c([H])c([H])c2C(=O)N([H])[H])C1=O)c1c([H])c([H])c(C(=O)N([H])C([H])([H])C([H])([H])c2nc3c([H])c(C([H])([H])[H])c([H])c([H])c3n2[H])c([H])c1[H],1.0
[H]/C(=C1/Oc2c(c([H])c([H])c([H])c2C(=O)N([H])[H])C1=O)c1c([H])c([H])c(C(=O)N([H])C([H])([H])C([H])([H])c2nc3c(C(=O)N([H])[H])c([H])c([H])c([H])c3n2[H])c([H])c1[H],1.0
[H]OC(c1c([H])c([H])c(-c2nc3c(F)c([H])c(F)c([H])c3c(=O)n2[H])c([H])c1[H])(C([H])([H])[H])C([H])([H])[H],1.0
[H]c1nc([H])c2nc(-c3c([H])c([H])c(C([H])([H])N([H])C([H])([H])C([H])([H])[H])c([H])c3[H])n3c2c1C(=O)N([H])C([H])([H])C3([H])[H],1.0
[H]c1nc([H])c2nc(-c3c([H])c([H])c(N4C([H])([H])C([H])([H])N([H])C([H])([H])C4([H])[H])c([H])c3[H])n3c2c1C(=O)N([H])C([H])([H])C3([H])[H],1.0
[H]c1c([H])c(C([H])([H])n2c(=O)n([H])c(=O)c3c([H])c([H])c([H])c([H])c32)c([H])c(C(=O)N([H])C2([H])C([H])([H])N(C([H])([H])C3([H])C([H])([H])C3([H])[H])C([H])([H])C2([H])[H])c1F,1.0
CC(C)(C)[Si](C)(C)OCCCN1CCN(C(=O)c2cc(Cn3c(=O)[nH]c(=O)c4ccccc43)ccc2F)CC1=O,1.0
[H]c1c([H])c(C([H])([H])N([H])C([H])([H])[H])c([H])c([H])c1-c1oc2c(C(=O)N([H])[H])c([H])c(F)c([H])c2c1[H],1.0
[H]c1c([H])c([H])c2c(nc(C3([H])C([H])([H])N([H])C3([H])[H])n2[H])c1C(=O)N([H])[H],1.0
[H]c1c([H])c([H])c2c(nc(C3(C([H])([H])[H])C([H])([H])N([H])C([H])([H])C3([H])[H])n2[H])c1C(=O)N([H])[H],1.0
[H]c1c(F)c([H])c2c(nc([C@]3(C([H])([H])[H])N([H])C([H])([H])C([H])([H])C3([H])[H])n2[H])c1C(=O)N([H])[H],1.0
[H]c1c([H])c([H])c2c(nc(C3(C([H])([H])[H])C([H])([H])C([H])([H])N([H])C([H])([H])C3([H])[H])n2[H])c1C(=O)N([H])[H],1.0
[H]c1c([H])c([H])c(S(=O)(=O)N2C([H])([H])C([H])([H])C([H])(c3nc4c(C(=O)N([H])[H])c([H])c([H])c([H])c4n3[H])C([H])([H])C2([H])[H])c([H])c1[H],1.0
[H]c1c([H])c([H])c2c(nc([C@@]3([H])N([H])C(=O)C([H])([H])C3([H])[H])n2[H])c1C(=O)N([H])[H],1.0
[H]c1c([H])c([H])c2c(nc(C3([H])C([H])([H])C([H])([H])N(C([H])(C([H])([H])[H])C([H])([H])[H])C([H])([H])C3([H])[H])n2[H])c1C(=O)N([H])[H],1.0
[H]c1c([H])c(C(=O)N([H])[H])c2c(nc(C3([H])C([H])([H])C([H])([H])N(C([H])([H])C([H])([H])C([H])([H])[H])C([H])([H])C3([H])[H])n2[H])c1[H],1.0
[H]c1c([H])c([C@@]2([H])N([H])C([H])([H])C([H])([H])C([H])([H])C2([H])[H])c([H])c(F)c1-c1nc2c([H])c([H])c([H])c(C(=O)N([H])[H])c2n1[H],1.0
[H]c1c([H])c(C2([H])N([H])C([H])([H])C([H])([H])C2([H])[H])c([H])c(F)c1-c1nc2c(C(=O)N([H])[H])c([H])c([H])c([H])c2n1[H],1.0
[H]c1c([H])c(C2([H])C([H])([H])N(C([H])(C([H])([H])[H])C([H])([H])[H])C([H])([H])C([H])([H])C2([H])[H])c([H])c([H])c1-c1nc2c(C(=O)N([H])[H])c([H])c([H])c([H])c2n1[H],1.0
[H]c1c([H])c(C2([H])N(C([H])(C([H])([H])[H])C([H])([H])[H])C([H])([H])C([H])([H])C([H])([H])C2([H])[H])c([H])c([H])c1-c1nc2c(C(=O)N([H])[H])c([H])c([H])c([H])c2n1[H],1.0
[H]c1c([H])c(C2([H])C([H])([H])C([H])([H])N(C([H])([H])[H])C([H])([H])C2([H])[H])c([H])c([H])c1-c1nc2c(C(=O)N([H])[H])c([H])c([H])c([H])c2n1[H],1.0
[H]c1c([H])c(C2([H])C([H])([H])N(C([H])([H])[H])C([H])([H])C([H])([H])C2([H])[H])c([H])c([H])c1-c1nc2c(C(=O)N([H])[H])c([H])c([H])c([H])c2n1[H],1.0
[H]c1c([H])c(C2([H])N(C([H])([H])[H])C([H])([H])C([H])([H])C([H])([H])C2([H])[H])c([H])c([H])c1-c1nc2c(C(=O)N([H])[H])c([H])c([H])c([H])c2n1[H],1.0
[H]c1c([H])c(C2([H])C([H])([H])C([H])([H])N([H])C([H])([H])C2([H])[H])c([H])c([H])c1-c1nc2c(C(=O)N([H])[H])c([H])c([H])c([H])c2n1[H],1.0
[H]c1c([H])c(C2([H])N([H])C([H])([H])C([H])([H])C([H])([H])C2([H])[H])c([H])c([H])c1-c1nc2c(C(=O)N([H])[H])c([H])c([H])c([H])c2n1[H],1.0
[H]c1c([H])c(C2([H])C([H])([H])N([H])C([H])([H])C([H])([H])C2([H])[H])c([H])c([H])c1-c1nc2c(C(=O)N([H])[H])c([H])c([H])c([H])c2n1[H],1.0
[H]c1c([H])c([C@@]2([H])N([H])C([H])([H])C([H])([H])C2([H])[H])c([H])c(F)c1-c1nc2c(C(=O)N([H])[H])c([H])c([H])c([H])c2n1[H],1.0
[H]c1nc([H])c(-c2c([H])c([H])c(-c3nc4c(C(=O)N([H])[H])c([H])c([H])c([H])c4n3[H])c([H])c2[H])c([H])c1[H],1.0
[H]c1nc([H])c([H])c(-c2c([H])c([H])c(-c3nc4c(C(=O)N([H])[H])c([H])c([H])c([H])c4n3[H])c([H])c2[H])c1[H],1.0
[H]c1c([H])c(C2([H])N([H])C([H])([H])C([H])([H])C2([H])[H])c([H])c([H])c1-c1nc2c(C(=O)N([H])[H])c([H])c([H])c([H])c2n1[H],1.0
[H]c1c([H])c(C2([H])C([H])([H])N(C([H])([H])[H])C([H])([H])C2([H])[H])c([H])c([H])c1-c1nc2c(C(=O)N([H])[H])c([H])c([H])c([H])c2n1[H],1.0
[H]c1nc([C@@]2([H])c3nn([H])c(=O)c4c([H])c(F)c([H])c(c34)N([H])[C@]2([H])c2c([H])c([H])c(F)c([H])c2[H])n(C([H])([H])[H])n1,1.0
[H]c1c([H])c(C(=O)N([H])[H])c2c(c1[H])C([H])([H])N(C([H])([H])C([H])([H])C([H])([H])[H])C2=O,1.0
[H]c1c([H])c(C(=O)N([H])[H])c2c(c1[H])C([H])([H])N(C([H])([H])C([H])([H])C([H])([H])OC([H])([H])[H])C2=O,1.0
[H]OC([H])([H])C([H])([H])N1C(=O)c2c(C(=O)N([H])[H])c([H])c([H])c([H])c2C1([H])[H],1.0
[H]c1c([H])c([H])c(C([H])([H])C([H])([H])C([H])([H])N2C(=O)c3c(C(=O)N([H])[H])c([H])c([H])c([H])c3C2([H])[H])c([H])c1[H],1.0
[H]c1c([H])c([H])c(C([H])([H])C2([H])C([H])([H])C([H])([H])N(C([H])([H])C([H])([H])C([H])([H])N3C(=O)c4c(C(=O)N([H])[H])c([H])c([H])c([H])c4C3([H])[H])C([H])([H])C2([H])[H])c([H])c1[H],1.0
[H]c1c([H])c([H])c2c(c1[H])N(C([H])([H])C([H])([H])N1C(=O)c3c(C(=O)N([H])[H])c([H])c([H])c([H])c3C1([H])[H])C([H])([H])C([H])([H])C2([H])[H],1.0
[H]c1c([H])c(C(=O)N([H])[H])c2c(c1[H])C([H])([H])N(C1([H])C([H])([H])C([H])([H])N(C([H])([H])[H])C([H])([H])C1([H])[H])C2=O,1.0
[H]c1c([H])c(C(=O)N([H])[H])c2c(c1[H])C([H])([H])N(C1([H])C([H])([H])C([H])([H])N(C([H])(C([H])([H])[H])C([H])([H])[H])C([H])([H])C1([H])[H])C2=O,1.0
[H]c1c([H])c(C(=O)N([H])[H])c2c(c1[H])C([H])([H])N(C1([H])C([H])([H])C([H])([H])N(C([H])([H])C3([H])C([H])([H])C3([H])[H])C([H])([H])C1([H])[H])C2=O,1.0
[H]c1oc([H])c(C([H])([H])N2C([H])([H])C([H])([H])C([H])(N3C(=O)c4c(C(=O)N([H])[H])c([H])c([H])c([H])c4C3([H])[H])C([H])([H])C2([H])[H])c1[H],1.0
[H]c1c([H])c(C(=O)N([H])[H])c2c(c1[H])C([H])([H])N(C1([H])C([H])([H])C([H])([H])N(C([H])([H])c3c([H])c([H])c([H])n3[H])C([H])([H])C1([H])[H])C2=O,1.0
[H]c1c([H])c([H])c2c(c1C(=O)N([H])[H])c(=O)n(C1([H])C([H])([H])C([H])([H])N([H])C([H])([H])C1([H])[H])n2[H],1.0
[H]c1c([H])c([H])c2c(c1C(=O)N([H])[H])c(=O)n(C1([H])C([H])([H])C([H])([H])N(C3([H])C([H])([H])C([H])([H])C([H])([H])C3([H])[H])C([H])([H])C1([H])[H])n2C([H])([H])[H],1.0
[H]c1c([H])c([H])c2c(c1C(=O)N([H])[H])c(=O)n(C1([H])C([H])([H])C([H])([H])N(C3([H])C([H])([H])C([H])([H])C([H])([H])C([H])([H])C3([H])[H])C([H])([H])C1([H])[H])n2C([H])([H])[H],1.0
[H]c1c([H])c([H])c2c(c1C(=O)N([H])[H])c(=O)n(C1([H])C([H])([H])C([H])([H])N(C([H])(C([H])([H])[H])C([H])([H])[H])C([H])([H])C1([H])[H])n2C([H])([H])[H],1.0
[H]c1c([H])c([H])c2c(c1C(=O)N([H])[H])c(=O)n(C1([H])C([H])([H])C([H])([H])N([H])C([H])([H])C1([H])[H])n2C([H])([H])[H],1.0
[H]c1c([H])c(N2C([H])([H])C([H])([H])OC([H])([H])C2([H])[H])c(Br)c([H])c1-c1c(OC([H])([H])C([H])([H])N([H])[H])c2c([H])c([H])c(F)c([H])c2c(=O)n1[H],1.0
[H]c1c([H])c(Br)c([H])c(-c2c(OC([H])([H])C([H])([H])N([H])[H])c3c([H])c([H])c(F)c([H])c3c(=O)n2[H])c1[H],1.0
[H]c1c([H])c(-c2c(OC([H])([H])C([H])([H])N([H])[H])c3c([H])c([H])c(F)c([H])c3c(=O)n2[H])c([H])c([H])c1C#N,1.0
CC(C)(C)[Si](C)(C)OCCCN1CCN(CC1=O)C(=O)c1cc(Cn2c3ccccc3c(=O)[nH]c2=O)ccc1F,1.0
OC(=O)C(F)(F)F.Clc1ncc(Cn2c3ccccc3c(=O)[nH]c2=O)cc1NC(=O)[C@H]1CCNC1,1.0
[H]c1nc(N2C([H])([H])C([H])([H])N(C(=O)C([H])([H])C([H])([H])c3nc4c(C([H])([H])[H])c([H])c([H])c([H])c4c(=O)n3[H])C([H])([H])C2([H])[H])c([H])c([H])c1C#N,1.0
[H]c1c([H])c([H])c2c(=O)n([H])c(SC([H])([H])C([H])([H])C(=O)N3C([H])([H])C([H])([H])N(c4nn([H])c5c([H])c([H])c([H])c([H])c45)C([H])([H])C3([H])[H])nc2c1[H],1.0
[H]c1c([H])c([H])c2c(=O)n([H])c(C([H])([H])C([H])([H])C([H])([H])C(=O)N3C([H])([H])C([H])([H])C([H])(n4c(=O)n([H])c5c([H])c(OC([H])([H])[H])c([H])c([H])c54)C([H])([H])C3([H])[H])nc2c1[H],1.0
[H]c1c([H])c(N2C([H])([H])C([H])([H])N(C(=O)C([H])([H])C([H])([H])c3nc4c(Cl)c([H])c([H])c([H])c4c(=O)n3[H])C([H])([H])C2([H])[H])c(Cl)c([H])c1C(=O)N([H])C1([H])C([H])([H])C1([H])[H],1.0
[H]c1c([H])c([H])c2c(=O)n([H])c(C([H])([H])C([H])([H])C([H])([H])C(=O)N3C([H])([H])C([H])([H])C([H])(n4c(=O)n([H])c5c([H])c([H])c(C([H])([H])[H])c([H])c54)C([H])([H])C3([H])[H])nc2c1[H],1.0
[H]c1c([H])c(N2C([H])([H])C([H])([H])N(C(=O)C([H])([H])C([H])([H])c3nc4c([H])c([H])c([H])c([H])c4c(=O)n3[H])C([H])([H])C2([H])[H])c(Cl)c([H])c1C(=O)N([H])C([H])([H])[H],1.0
[H]c1nc(N2C([H])([H])C([H])([H])N(C(=O)C([H])([H])C([H])([H])c3nc4c([H])c([H])c([H])c(F)c4c(=O)n3[H])C([H])([H])C2([H])[H])c([H])c([H])c1C#N,1.0
[H]c1nc(N2C([H])([H])C([H])([H])N(C(=O)C([H])([H])C([H])([H])c3nc4c([H])c([H])c(F)c([H])c4c(=O)n3[H])C([H])([H])C2([H])[H])c([H])c([H])c1C#N,1.0
OC(=O)C(F)(F)F.O=C(Nc1cncc(Cn2c3ccccc3c(=O)[nH]c2=O)c1)[C@H]1CCNC1,1.0
[H]c1c([H])c([H])c2c(=O)n([H])c(C([H])([H])C([H])([H])C([H])([H])C(=O)N3C([H])([H])C([H])([H])C([H])(n4c(=O)n([H])c5c([H])c(C#N)c([H])c([H])c54)C([H])([H])C3([H])[H])nc2c1[H],1.0
[H]c1c([H])c(O[C@]2([H])C([H])([H])C([H])([H])[C@@]([H])(N([H])C(=O)C([H])([H])C([H])([H])C([H])([H])c3nc4c([H])c([H])c([H])c([H])c4c(=O)n3[H])C([H])([H])C2([H])[H])c([H])c([H])c1C#N,1.0
[H]c1c([H])c2c(c([H])c1Cl)N([H])C(=O)C2([H])C1([H])C([H])([H])C([H])([H])N(C(=O)C([H])([H])C([H])([H])C([H])([H])c2nc3c([H])c([H])c([H])c([H])c3c(=O)n2[H])C([H])([H])C1([H])[H],1.0
[H]c1c([H])c([H])c(-c2nnc([C@]3([H])C([H])([H])C([H])([H])[C@@]([H])(N([H])C(=O)C([H])([H])C([H])([H])c4nc5c([H])c([H])c([H])c([H])c5c(=O)n4[H])C([H])([H])C3([H])[H])o2)c(Cl)c1[H],1.0
[H]c1c([H])c([H])c2c(=O)n([H])c(C([H])([H])C([H])([H])C(=O)N([H])[C@]3([H])C([H])([H])C([H])([H])[C@@]([H])(n4c(=O)n([H])c5c([H])c([H])c(Cl)c([H])c54)C([H])([H])C3([H])[H])nc2c1[H],1.0
[H]c1c([H])c([H])c2c(=O)n([H])c(C([H])([H])C([H])([H])C([H])([H])C(=O)N3C([H])([H])C([H])([H])N(c4nn([H])c5c([H])c([H])c([H])c([H])c45)C([H])([H])C3([H])[H])nc2c1[H],1.0
[H]c1c([H])c(O[C@]2([H])C([H])([H])C([H])([H])[C@@]([H])(N([H])C(=O)C([H])([H])C([H])([H])C([H])([H])c3nc4c([H])c([H])c([H])c([H])c4c(=O)n3[H])C([H])([H])C2([H])[H])c([H])c(Cl)c1C#N,1.0
[H]c1c([H])c(O[C@]2([H])C([H])([H])C([H])([H])[C@@]([H])(N([H])C(=O)C([H])([H])C([H])([H])C([H])([H])c3nc4c([H])c([H])c([H])c([H])c4c(=O)n3[H])C([H])([H])C2([H])[H])c([H])c([H])c1Cl,1.0
[H]c1c([H])c([H])c2c(=O)n([H])c(C([H])([H])C([H])([H])C([H])([H])C(=O)N3C([H])([H])C([H])([H])N(c4nsc5c([H])c([H])c([H])c([H])c45)C([H])([H])C3([H])[H])nc2c1[H],1.0
[H]c1c([H])c([H])c2c(=O)n([H])c(C([H])([H])C([H])([H])C([H])([H])C(=O)N3C([H])([H])C([H])([H])N(c4noc5c([H])c([H])c([H])c([H])c45)C([H])([H])C3([H])[H])nc2c1[H],1.0
[H]c1nc(N2C([H])([H])C([H])([H])N(C(=O)C([H])([H])C([H])([H])c3nc4c([H])c([H])c([H])c([H])c4c(=O)n3[H])C([H])([H])C2([H])[H])c([H])c([H])c1C#N,1.0
[H]C1=C(c2c([H])c([H])c(F)c([H])c2[H])C([H])([H])C([H])([H])N(C(=O)C([H])([H])C([H])([H])c2nc3c([H])c([H])c([H])c([H])c3c(=O)n2[H])C1([H])[H],1.0
[H]c1c([H])c([H])c2c(=O)n([H])c(C([H])([H])C([H])([H])C([H])([H])C(=O)N3C([H])([H])C([H])([H])C([H])(n4c(=O)n([H])c5c(C#N)c([H])c([H])c([H])c54)C([H])([H])C3([H])[H])nc2c1[H],1.0
[H]c1c([H])c(C#N)c([H])c(-c2nnc(C3([H])C([H])([H])C([H])([H])N(C(=O)C([H])([H])C([H])([H])C([H])([H])c4nc5c([H])c([H])c([H])c([H])c5c(=O)n4[H])C([H])([H])C3([H])[H])o2)c1[H],1.0
[H]c1nc([H])c(O[C@]2([H])C([H])([H])C([H])([H])[C@@]([H])(N([H])C(=O)C([H])([H])C([H])([H])C([H])([H])c3nc4c([H])c([H])c([H])c([H])c4c(=O)n3[H])C([H])([H])C2([H])[H])c([H])c1[H],1.0
[H]c1nc2c(c([H])c1[H])n([H])c(=O)n2C1([H])C([H])([H])C([H])([H])N(C(=O)C([H])([H])C([H])([H])C([H])([H])c2nc3c([H])c([H])c([H])c([H])c3c(=O)n2[H])C([H])([H])C1([H])[H],1.0
[H]c1c([H])c(Cl)c([H])c(-c2nnc(C3([H])C([H])([H])C([H])([H])N(C(=O)C([H])([H])C([H])([H])C([H])([H])c4nc5c([H])c([H])c([H])c([H])c5c(=O)n4[H])C([H])([H])C3([H])[H])o2)c1[H],1.0
[H]c1c([H])c([H])c(-c2nnc([C@]3([H])C([H])([H])C([H])([H])[C@@]([H])(N([H])C(=O)C([H])([H])C([H])([H])c4nc5c([H])c([H])c(F)c([H])c5c(=O)n4[H])C([H])([H])C3([H])[H])o2)c([H])c1[H],1.0
[H]c1c([H])c([H])c2c(=O)n([H])c(C([H])([H])C([H])([H])C([H])([H])C(=O)N3C([H])([H])C([H])([H])C([H])(n4c(=O)n([H])c5c([H])c([H])c(OC([H])([H])[H])c([H])c54)C([H])([H])C3([H])[H])nc2c1[H],1.0
[H]c1nc(N2C([H])([H])C([H])([H])N(C(=O)C([H])([H])C([H])([H])c3nc4c([H])c([H])c([H])c([H])c4c(=O)n3[H])C([H])([H])C2([H])[H])c([H])nc1C#N,1.0
[H]c1c([H])c([H])c2c(=O)n([H])c(C([H])([H])C([H])([H])C(=O)N([H])[C@]3([H])C([H])([H])C([H])([H])[C@@]([H])(n4c(=O)n([H])c5c([H])c(Cl)c([H])c([H])c54)C([H])([H])C3([H])[H])nc2c1[H],1.0
[H]c1c([H])c([H])c(-c2nnc(C3([H])C([H])([H])C([H])([H])N(C(=O)C([H])([H])C([H])([H])C([H])([H])c4nc5c([H])c([H])c([H])c([H])c5c(=O)n4[H])C([H])([H])C3([H])[H])s2)c([H])c1[H],1.0
[H]c1c([H])c([H])c2c(=O)n([H])c(C([H])([H])C([H])([H])C([H])([H])C(=O)N3C([H])([H])C([H])([H])C([H])(n4c(=O)n([H])c5c([H])c([H])c([H])c([H])c54)C([H])([H])C3([H])[H])nc2c1[H],1.0
[H]c1c([H])c([H])c(-c2nnc([C@]3([H])C([H])([H])C([H])([H])[C@@]([H])(N([H])C(=O)C([H])([H])C([H])([H])c4nc5c(c(=O)n4[H])C([H])([H])C([H])([H])C([H])([H])N5[H])C([H])([H])C3([H])[H])o2)c([H])c1[H],1.0
[H]c1nc(-c2nnc([C@]3([H])C([H])([H])C([H])([H])[C@@]([H])(N([H])C(=O)C([H])([H])C([H])([H])c4nc5c([H])c([H])c([H])c([H])c5c(=O)n4[H])C([H])([H])C3([H])[H])o2)c([H])c([H])c1[H],1.0
[H]c1c([H])c([H])c2c(=O)n([H])c(C([H])([H])C([H])([H])C([H])([H])C(=O)N3C([H])([H])C([H])([H])C([H])(n4c(=O)n([H])c5c([H])c(F)c([H])c([H])c54)C([H])([H])C3([H])[H])nc2c1[H],1.0
[H]c1c([H])c([H])c(-c2nnc(C3([H])C([H])([H])C([H])([H])N(C(=O)C([H])([H])C([H])([H])C([H])([H])c4nc5c([H])c([H])c([H])c([H])c5c(=O)n4[H])C([H])([H])C3([H])[H])o2)c(Cl)c1[H],1.0
[H]c1nc(N2C([H])([H])C([H])([H])N(C(=O)C([H])([H])C([H])([H])c3nc4c([H])c([H])c(F)c([H])c4c(=O)n3[H])[C@@]([H])(C([H])([H])[H])C2([H])[H])c([H])c([H])c1C#N,1.0
[H]c1c([H])c([H])c2c(=O)n([H])c(C([H])([H])C([H])([H])C([H])([H])C(=O)N3C([H])([H])C([H])([H])C([H])(n4c(=O)n(C([H])([H])[H])c5c([H])c([H])c([H])c([H])c54)C([H])([H])C3([H])[H])nc2c1[H],1.0
[H]c1c([H])c(-c2nnc([C@]3([H])C([H])([H])C([H])([H])[C@@]([H])(N([H])C(=O)C([H])([H])C([H])([H])c4nc5c([H])c([H])c([H])c([H])c5c(=O)n4[H])C([H])([H])C3([H])[H])o2)c([H])c([H])c1Cl,1.0
[H]c1c([H])c([H])c2c(=O)n([H])c(C([H])([H])C([H])([H])C([H])([H])C(=O)N3C([H])([H])C([H])([H])C([H])(n4c(=O)n([H])c5c(F)c([H])c([H])c([H])c54)C([H])([H])C3([H])[H])nc2c1[H],1.0
[H]c1c([H])c(Cl)c([H])c(-c2nnc([C@]3([H])C([H])([H])C([H])([H])[C@@]([H])(N([H])C(=O)C([H])([H])C([H])([H])C([H])([H])c4nc5c([H])c([H])c([H])c([H])c5c(=O)n4[H])C([H])([H])C3([H])[H])o2)c1[H],1.0
[H]c1c([H])c([H])c2c(=O)n([H])c(SC([H])([H])C([H])([H])C(=O)N([H])[C@]3([H])C([H])([H])C([H])([H])[C@@]([H])(n4c(=O)n([H])c5c([H])c(Cl)c([H])c([H])c54)C([H])([H])C3([H])[H])nc2c1[H],1.0
[H]c1c([H])c([H])c2c(=O)n([H])c(C([H])([H])C([H])([H])C([H])([H])C(=O)N3C([H])([H])C([H])([H])C([H])(n4c(=O)sc5c([H])c([H])c([H])c([H])c54)C([H])([H])C3([H])[H])nc2c1[H],1.0
[H]c1c([H])c(-c2nnc(C3([H])C([H])([H])C([H])([H])N(C(=O)C([H])([H])C([H])([H])C([H])([H])c4nc5c([H])c([H])c([H])c([H])c5c(=O)n4[H])C([H])([H])C3([H])[H])o2)c([H])c([H])c1F,1.0
[H]c1c([H])c(O[C@]2([H])C([H])([H])C([H])([H])[C@@]([H])(N([H])C(=O)C([H])([H])C([H])([H])C([H])([H])c3nc4c([H])c([H])c([H])c([H])c4c(=O)n3[H])C([H])([H])C2([H])[H])c([H])c(C#N)c1Cl,1.0
[H]c1c([H])c([H])c(-c2nnc(C3([H])C([H])([H])C([H])([H])N(C(=O)C([H])([H])C([H])([H])c4nc5c([H])c([H])c([H])c([H])c5c(=O)n4[H])C([H])([H])C3([H])[H])o2)c([H])c1[H],1.0
[H]c1c([H])c(OC([H])([H])[H])c([H])c(-c2nnc([C@]3([H])C([H])([H])C([H])([H])[C@@]([H])(N([H])C(=O)C([H])([H])C([H])([H])C([H])([H])c4nc5c([H])c([H])c([H])c([H])c5c(=O)n4[H])C([H])([H])C3([H])[H])o2)c1[H],1.0
[H]c1c([H])c(-c2nnc([C@]3([H])C([H])([H])C([H])([H])[C@@]([H])(N([H])C(=O)C([H])([H])C([H])([H])C([H])([H])c4nc5c([H])c([H])c([H])c([H])c5c(=O)n4[H])C([H])([H])C3([H])[H])o2)c([H])c([H])c1Cl,1.0
[H]c1c([H])c([H])c(O[C@@]2([H])C([H])([H])C([H])([H])[C@]([H])(N([H])C(=O)C([H])([H])C([H])([H])C([H])([H])c3nc4c([H])c([H])c([H])c([H])c4c(=O)n3[H])C2([H])[H])c([H])c1[H],1.0
[H]c1c([H])c([H])c(O[C@]2([H])C([H])([H])C([H])([H])[C@@]([H])(N([H])C(=O)C([H])([H])C([H])([H])C([H])([H])c3nc4c([H])c([H])c([H])c([H])c4c(=O)n3[H])C([H])([H])C2([H])[H])c(C#N)c1[H],1.0
[H]c1c([H])c(OC([H])([H])c2nnc(C3([H])C([H])([H])C([H])([H])N(C(=O)C([H])([H])C([H])([H])C([H])([H])c4nc5c([H])c([H])c([H])c([H])c5c(=O)n4[H])C([H])([H])C3([H])[H])o2)c([H])c([H])c1Cl,1.0
[H]c1c([H])c(-c2nnc([C@]3([H])C([H])([H])C([H])([H])[C@@]([H])(N([H])C(=O)C([H])([H])C([H])([H])C([H])([H])c4nc5c([H])c([H])c([H])c([H])c5c(=O)n4[H])C([H])([H])C3([H])[H])o2)c([H])c(Cl)c1F,1.0
[H]c1c([H])c(Cl)c([H])c(-c2nnc([C@]3([H])C([H])([H])C([H])([H])[C@@]([H])(N([H])C(=O)C([H])([H])C([H])([H])c4nc5c([H])c([H])c([H])c([H])c5c(=O)n4[H])C([H])([H])C3([H])[H])o2)c1[H],1.0
[H]c1c([H])c(-c2nnc(C3([H])C([H])([H])C([H])([H])N(C(=O)C([H])([H])C([H])([H])C([H])([H])c4nc5c([H])c([H])c([H])c([H])c5c(=O)n4[H])C([H])([H])C3([H])[H])o2)c([H])c([H])c1Cl,1.0
[H]c1c([H])c([H])c(-c2nnc([C@]3([H])C([H])([H])C([H])([H])[C@@]([H])(N([H])C(=O)C([H])([H])C([H])([H])c4nc5c([H])c([H])c([H])c([H])c5c(=O)n4[H])C([H])([H])C3([H])[H])o2)c([H])c1[H],1.0
[H]c1c([H])c(C#N)c([H])c(O[C@]2([H])C([H])([H])C([H])([H])[C@@]([H])(N([H])C(=O)C([H])([H])C([H])([H])C([H])([H])c3nc4c([H])c([H])c([H])c([H])c4c(=O)n3[H])C([H])([H])C2([H])[H])c1[H],1.0
[H]c1c([H])c(Cl)c([H])c(O[C@]2([H])C([H])([H])C([H])([H])[C@@]([H])(N([H])C(=O)C([H])([H])C([H])([H])C([H])([H])c3nc4c([H])c([H])c([H])c([H])c4c(=O)n3[H])C([H])([H])C2([H])[H])c1[H],1.0
[H]c1c([H])c(N2C([H])([H])C([H])([H])N(C(=O)C([H])([H])C([H])([H])c3nc4c([H])c([H])c([H])c([H])c4c(=O)n3[H])C([H])([H])C2([H])[H])c([H])c([H])c1F,1.0
[H]c1c([H])c([H])c2c3c1C(=O)N([H])N=C1c3c(n2[H])C([H])([H])N(C([H])(C([H])([H])[H])C(N([H])[H])(C([H])([H])[H])C([H])([H])[H])C1([H])[H],1.0
[H]c1c([H])c([H])c2c(c1[H])N(C([H])([H])C([H])([H])C([H])([H])N1C(=O)c3c(C(=O)N([H])[H])c([H])c([H])c([H])c3C1([H])[H])C([H])([H])C([H])([H])C2([H])[H],1.0
[H]C1=C([H])[C@@]2([H])C([H])([H])[C@]1([H])[C@@]1([H])C(=O)N(c3c([H])c([H])c(C(=O)N([H])c4c([H])c([H])c([H])c5c([H])c([H])c([H])nc45)c([H])c3[H])C(=O)[C@@]21[H],0.0
[H]c1c([H])c([H])c([C@]2([H])N([C@]3([H])C([H])([H])C([H])([H])[C@@]([H])(n4c(=O)n([H])c5c([H])c(C#N)c(F)c([H])c54)C([H])([H])C3([H])[H])C(=O)OC2(C([H])([H])[H])C([H])([H])[H])c([H])c1[H],0.0
[H]c1c([H])c(C(=O)C2([H])C([H])([H])C([H])([H])N(C([H])([H])C(=O)N(C([H])([H])c3nc4c(c(=O)n3[H])C([H])([H])OC([H])([H])C4([H])[H])C([H])([H])C3([H])C([H])([H])C3([H])[H])C([H])([H])C2([H])[H])c([H])c([H])c1OC([H])([H])[H],0.0
[H]c1c([H])c(C(=O)C2([H])C([H])([H])C([H])([H])N(C([H])([H])C(=O)N([H])C([H])([H])c3nc4c(c(=O)n3[H])C([H])([H])OC([H])([H])C4([H])[H])C([H])([H])C2([H])[H])c([H])c([H])c1F,0.0
[H]c1c([H])c(C(F)(F)F)c([H])c([H])c1-c1nc2c(c(=O)n1[H])SC([H])([H])C([H])([H])C2([H])[H],0.0
[H]c1c([H])c(C([H])([H])C([H])([H])C(=O)N([H])c2nnc3n2C([H])([H])C([H])([H])S3)c(Cl)c([H])c1Cl,0.0
[H]c1c([H])c(Cl)c(Cl)c(C([H])([H])C([H])([H])C(=O)N([H])c2nnc3n2C([H])([H])C([H])([H])S3)c1[H],0.0
[H]c1c([H])c(C([H])([H])[H])c([H])c([H])c1-c1oc2c([H])c([H])c([H])c([H])c2c(=O)c1[H],0.0
[H]c1c([H])c([N+](=O)[O-])c([H])c([H])c1-c1oc2c([H])c([H])c([H])c([H])c2c(=O)c1[H],0.0
[H]c1nc([H])c([H])c(C([H])([H])N2C([H])([H])C([H])([H])N(c3nc4c(c(=O)n3[H])C([H])([H])C([H])([H])C([H])([H])C4([H])[H])C([H])([H])C2([H])[H])c1[H],0.0
[H]c1c([H])c(-c2nc3c([H])c([H])c([H])c([H])c3c(=O)n2[H])c([H])c([H])c1Cl,0.0
[H]Oc1nc(-c2c([H])c([H])c(F)c([H])c2[H])nc2c([H])c([H])c([H])c([H])c12,0.0
[H]c1c([H])c([N+](=O)[O-])c([H])c([H])c1-c1nc2c([H])c([H])c([H])c([H])c2c(=O)n1[H],0.0
[H]Oc1nc(-c2c([H])c([H])c([H])c([H])c2[H])nc2c(OC([H])([H])[H])c([H])c([H])c([H])c12,0.0
[H]c1c([H])c(-c2nc3c(OC([H])([H])[H])c([H])c([H])c([H])c3c(=O)n2[H])c([H])c([H])c1Cl,0.0
[H]c1c([H])c(-c2nc3c(OC([H])([H])[H])c([H])c([H])c([H])c3c(=O)n2[H])c([H])c([H])c1F,0.0
[H]Oc1nc(-c2c([H])c([H])c(C(F)(F)F)c([H])c2[H])nc2c(C([H])([H])[H])c([H])c([H])c([H])c12,0.0
[H]c1c([H])c(-c2nc3c(C([H])([H])[H])c([H])c([H])c([H])c3c(=O)n2[H])c([H])c([H])c1Cl,0.0
[H]c1c([H])c(-c2nc3c(C([H])([H])[H])c([H])c([H])c([H])c3c(=O)n2[H])c([H])c([H])c1Br,0.0
[H]c1c([H])c(C(=O)C2([H])C([H])([H])C([H])([H])N(C3([H])C(=O)N(C([H])([H])c4nc5c(c(=O)n4[H])C([H])([H])OC([H])([H])C5([H])[H])C([H])([H])C3([H])[H])C([H])([H])C2([H])[H])c([H])c([H])c1OC([H])([H])[H],0.0
[H]c1c([H])c(C(=O)C2([H])C([H])([H])C([H])([H])N([C@]3([H])C(=O)N(C([H])([H])c4nc5c(c(=O)n4[H])C([H])([H])OC([H])([H])C5([H])[H])C([H])([H])C3([H])[H])C([H])([H])C2([H])[H])c([H])c([H])c1OC([H])([H])[H],0.0
[H]c1c([H])c(C(=O)C2([H])C([H])([H])C([H])([H])N(C3([H])C(=O)N(C([H])([H])c4nc5c(c(=O)n4[H])C([H])([H])OC([H])([H])C5([H])[H])C([H])([H])C3([H])[H])C([H])([H])C2([H])[H])c([H])c([H])c1F,0.0
[H]c1c([H])c(C(=O)C2([H])C([H])([H])C([H])([H])N([C@]3([H])C(=O)N(C([H])([H])c4nc5c(c(=O)n4[H])C([H])([H])OC([H])([H])C5([H])[H])C([H])([H])C3([H])[H])C([H])([H])C2([H])[H])c([H])c([H])c1F,0.0
[H]c1c([H])c(C(=O)C2([H])C([H])([H])C([H])([H])N([C@]3([H])C(=O)N(C([H])([H])c4nc5c(c(=O)n4[H])C([H])([H])OC([H])([H])C5([H])[H])C([H])([H])C3([H])[H])C([H])([H])C2([H])[H])c([H])c(C([H])([H])[H])c1OC([H])([H])[H],0.0
[H]c1c([H])c(C(=O)C2([H])C([H])([H])C([H])([H])N([C@]3([H])C(=O)N(C([H])([H])c4nc5c([H])c([H])c([H])c([H])c(=O)c5n4[H])C([H])([H])C3([H])[H])C([H])([H])C2([H])[H])c([H])c(C([H])([H])[H])c1OC([H])([H])[H],0.0
[H]c1c([H])c(C(=O)C2([H])C([H])([H])C([H])([H])N([C@@]3([H])C(=O)N(C([H])([H])c4nc5c([H])c([H])c([H])c([H])c(=O)c5n4[H])C([H])([H])C3([H])[H])C([H])([H])C2([H])[H])c([H])c([H])c1OC([H])([H])[H],0.0
[H]c1c([H])c(C(=O)C2([H])C([H])([H])C([H])([H])N([C@@]3([H])C(=O)N(C([H])([H])C(=O)N([H])c4nnc5n4C([H])([H])C([H])([H])S5)C([H])([H])C3([H])[H])C([H])([H])C2([H])[H])c([H])c([H])c1OC([H])([H])[H],0.0
[H]c1c([H])c(C(=O)C2([H])C([H])([H])C([H])([H])N(C([H])([H])C(=O)N([H])C([H])([H])c3nc4c(c(=O)n3[H])C([H])([H])OC([H])([H])C4([H])[H])C([H])([H])C2([H])[H])c([H])c([H])c1Cl,0.0
[H]c1c([H])c(C(=O)C2([H])C([H])([H])C([H])([H])N(C([H])([H])C(=O)N(C([H])([H])c3nc4c(c(=O)n3[H])C([H])([H])C([H])([H])C([H])([H])C4([H])[H])C([H])([H])C3([H])C([H])([H])C3([H])[H])C([H])([H])C2([H])[H])c([H])c([H])c1OC([H])([H])[H],0.0
[H]c1c([H])c(C(=O)C2([H])C([H])([H])C([H])([H])N(C([H])([H])C(=O)N([H])C([H])([H])c3nc4c(c(=O)n3[H])C([H])([H])C([H])([H])C4([H])[H])C([H])([H])C2([H])[H])c([H])c([H])c1OC([H])([H])[H],0.0
[H]c1c(F)c([H])c2onc(C3([H])C([H])([H])C([H])([H])N(C([H])([H])C(=O)N([H])C([H])([H])c4nc5c(c(=O)n4[H])C([H])([H])OC([H])([H])C5([H])[H])C([H])([H])C3([H])[H])c2c1[H],0.0
[H]c1c([H])c(C(=O)C2([H])C([H])([H])C([H])([H])N(C([H])([H])C(=O)N([H])C([H])([H])c3nc4c(c(=O)n3[H])C([H])([H])OC([H])([H])C4([H])[H])C([H])([H])C2([H])[H])c([H])c([H])c1OC([H])([H])C([H])([H])[H],0.0
[H]c1c([H])c(C(=O)C2([H])C([H])([H])C([H])([H])N(C([H])([H])C(=O)N(C([H])([H])c3nc4c(c(=O)n3[H])C([H])([H])OC([H])([H])C4([H])[H])C([H])([H])C([H])(F)F)C([H])([H])C2([H])[H])c([H])c([H])c1OC(F)(F)F,0.0
[H]c1c([H])c(C([H])([H])[H])c([H])c([H])c1C(=O)C1([H])C([H])([H])C([H])([H])N(C([H])([H])C(=O)N([H])C([H])([H])c2nc3c(c(=O)n2[H])C([H])([H])OC([H])([H])C3([H])[H])C([H])([H])C1([H])[H],0.0
[H]c1c([H])c(C(=O)C2([H])C([H])([H])C([H])([H])N(C([H])([H])C(=O)N([H])C([H])([H])c3nc4c(c(=O)n3[H])C([H])([H])OC([H])([H])C4([H])[H])C([H])([H])C2([H])[H])c([H])c([H])c1OC([H])([H])C([H])([H])C([H])([H])[H],0.0
[H]c1c([H])c(C(=O)C2([H])C([H])([H])C([H])([H])N(C([H])([H])C(=O)N([H])C([H])([H])c3nc4c(c(=O)n3[H])C([H])([H])OC([H])([H])C4([H])[H])C([H])([H])C2([H])[H])c([H])c([H])c1OC([H])([H])C1([H])C([H])([H])C1([H])[H],0.0
[H]c1c([H])c(C(=O)C2([H])C([H])([H])C([H])([H])N(C([H])([H])C(=O)N([H])C([H])([H])c3nc4c(c(=O)n3[H])C([H])([H])OC([H])([H])C4([H])[H])C([H])([H])C2([H])[H])c([H])c([H])c1OC1([H])C([H])([H])C([H])([H])OC([H])([H])C1([H])[H],0.0
[H]c1c([H])c(C(=O)C2([H])C([H])([H])C([H])([H])N(C([H])([H])C(=O)N([H])C([H])([H])c3nc4c(c(=O)n3[H])C([H])([H])OC([H])([H])C4([H])[H])C([H])([H])C2([H])[H])c([H])c(C([H])([H])[H])c1OC([H])([H])[H],0.0
[H]c1c([H])c(C(=O)C2([H])C([H])([H])C([H])([H])N(C([H])([H])C(=O)N([H])C([H])([H])c3c([H])c4c(c(=O)n3[H])C([H])([H])OC([H])([H])C4([H])[H])C([H])([H])C2([H])[H])c([H])c([H])c1OC([H])([H])[H],0.0
[H]c1c([H])c([H])c(C([H])([H])N2C([H])([H])C3=C(c4nn([H])c(=O)c5c([H])c([H])c([H])c(c45)N3[H])C([H])([H])C2([H])[H])c([H])c1[H],0.0
[H]c1c([H])c([H])c(C(=O)C([H])([H])Oc2c([H])c([H])c([H])c3c(=O)n([H])c([H])c([H])c23)c([H])c1[H],0.0
[H]c1nc2c(N([H])C(=O)c3c([H])c([H])c(N([H])C(=O)C([H])([H])C([H])([H])c4nc5c(C([H])([H])[H])c([H])c([H])c([H])c5c(=O)n4[H])c([H])c3[H])c([H])c([H])c([H])c2c([H])c1[H],0.0
[H]c1nc2c(N([H])C(=O)c3c([H])c([H])c(N([H])C(=O)C([H])([H])C([H])([H])c4nc5c([H])c([H])c([H])c([H])c5c(=O)n4[H])c([H])c3[H])c([H])c([H])c([H])c2c([H])c1[H],0.0
[H]c1c([H])c(C(=O)N([H])[H])c([H])c([H])c1OC([H])([H])[H],0.0
[H]c1c([H])c([H])c(N2C([H])([H])C([H])([H])N(c3nc4c(c(=O)n3[H])C([H])([H])C([H])([H])C([H])([H])C4([H])[H])C([H])([H])C2([H])[H])c(OC([H])([H])[H])c1[H],0.0
[H]OC([H])([H])C([H])([H])N1c2c([H])c(F)c([H])c(F)c2C2(C1([H])[H])C([H])([H])C([H])([H])N(c1nc3c(c(=O)n1[H])C([H])([H])C([H])([H])C([H])([H])C3([H])[H])C([H])([H])C2([H])[H],0.0
[H]c1c([H])c([H])c2c(=O)n([H])c(SC([H])([H])C([H])([H])C(=O)N3C([H])([H])C([H])([H])C4(N([H])C(=O)c5c(c([H])c6c([H])c([H])c([H])c([H])c6c5[H])N4[H])C([H])([H])C3([H])[H])nc2c1[H],0.0
[H]c1c([H])c(C(=O)N([H])[H])c2c(c1[H])C([H])([H])N(C([H])([H])C([H])([H])C([H])([H])N1C([H])([H])C([H])([H])C([H])([H])C([H])([H])C1([H])[H])C2=O,0.0
[H]c1c([H])c(C(=O)N([H])[H])c2c(c1[H])C([H])([H])N(C([H])([H])C([H])([H])N1C([H])([H])c3c([H])c([H])c([H])c([H])c3C([H])([H])C1([H])[H])C2=O,0.0
[H]c1c([H])c(C(=O)N([H])[H])c2c(c1[H])C([H])([H])N(C([H])([H])C1([H])C([H])([H])C([H])([H])N(C([H])([H])c3c([H])c([H])c(C([H])([H])[H])c([H])c3[H])C([H])([H])C1([H])[H])C2=O,0.0
[H]c1c([H])c(C(=O)N([H])[H])c2c(c1[H])C([H])([H])N(C1([H])C([H])([H])C([H])([H])N(C([H])([H])c3c([H])c([H])c4c(c3[H])c([H])c([H])n4[H])C([H])([H])C1([H])[H])C2=O,0.0
[H]c1c([H])c(C([H])([H])[H])c([H])c(C([H])([H])N2C([H])([H])C([H])([H])C([H])(N3C(=O)c4c(C(=O)N([H])[H])c([H])c([H])c([H])c4C3([H])[H])C([H])([H])C2([H])[H])c1[H],0.0
[H]c1c([H])c(C(=O)N([H])[H])c2c(c1[H])C([H])([H])N(C1([H])C([H])([H])C([H])([H])N(C([H])([H])c3c([H])c([H])c(C([H])([H])[H])c([H])c3[H])C([H])([H])C1([H])[H])C2=O,0.0
[H]c1c([H])c([H])c(C([H])([H])N2C([H])([H])C([H])([H])C([H])(N3C(=O)c4c(C(=O)N([H])[H])c([H])c([H])c([H])c4C3([H])[H])C([H])([H])C2([H])[H])c(Br)c1[H],0.0
[H]c1c([H])c(Br)c([H])c(C([H])([H])N2C([H])([H])C([H])([H])C([H])(N3C(=O)c4c(C(=O)N([H])[H])c([H])c([H])c([H])c4C3([H])[H])C([H])([H])C2([H])[H])c1[H],0.0
[H]c1c([H])c(C(=O)N([H])[H])c2c(c1[H])C([H])([H])N(C1([H])C([H])([H])C([H])([H])N(C([H])([H])c3c([H])c([H])c(Br)c([H])c3[H])C([H])([H])C1([H])[H])C2=O,0.0
[H]c1c([H])c(C(=O)N([H])[H])c2c(c1[H])C([H])([H])N(C1([H])C([H])([H])C([H])([H])N(C([H])([H])c3c([H])c([H])c(C(F)(F)F)c([H])c3[H])C([H])([H])C1([H])[H])C2=O,0.0
[H]c1nc([H])c(C([H])([H])N2C([H])([H])C([H])([H])C([H])(N3C(=O)c4c(C(=O)N([H])[H])c([H])c([H])c([H])c4C3([H])[H])C([H])([H])C2([H])[H])c([H])c1[H],0.0
[H]c1sc([H])c(C([H])([H])N2C([H])([H])C([H])([H])C([H])(N3C(=O)c4c(C(=O)N([H])[H])c([H])c([H])c([H])c4C3([H])[H])C([H])([H])C2([H])[H])c1[H],0.0
[H]c1c(F)c([H])c2c(c1C(=O)N([H])[H])C(=O)N(C1([H])C([H])([H])C([H])([H])N(C3([H])C([H])([H])C([H])([H])C(F)(F)C([H])([H])C3([H])[H])C([H])([H])C1([H])[H])C2([H])[H],0.0
[H]c1sc(C([H])([H])N2C([H])([H])C([H])([H])C([H])(N3C(=O)c4c(C(=O)N([H])[H])c([H])c([H])c([H])c4C3([H])[H])C([H])([H])C2([H])[H])c([H])c1[H],0.0
[H]c1oc(C([H])([H])N2C([H])([H])C([H])([H])C([H])(N3C(=O)c4c(C(=O)N([H])[H])c([H])c([H])c([H])c4C3([H])[H])C([H])([H])C2([H])[H])c([H])c1[H],0.0
[H]c1c([H])c([H])c2c(c1C(=O)N([H])[H])c(=O)n(C1([H])C([H])([H])C([H])([H])N(C3([H])C([H])([H])C([H])([H])C(F)(F)C([H])([H])C3([H])[H])C([H])([H])C1([H])[H])n2C([H])([H])[H],0.0
[H]c1c(F)c([H])c2c(c1C(=O)N([H])[H])c(=O)n(C1([H])C([H])([H])C([H])([H])N(C3([H])C([H])([H])C([H])([H])C([H])([H])C([H])([H])C3([H])[H])C([H])([H])C1([H])[H])n2[H],0.0
[H]c1c([H])c(-c2c(OC([H])([H])C([H])([H])N([H])[H])c3c([H])c([H])c(F)c([H])c3c(=O)n2[H])c([H])c([H])c1Br,0.0
[H]c1c([H])c(-c2c(OC([H])([H])C([H])([H])N([H])[H])c3c([H])c([H])c(F)c([H])c3c(=O)n2[H])c([H])c(C(F)(F)F)c1[H],0.0
[H]c1c([H])c(N2C([H])([H])C([H])([H])OC([H])([H])C2([H])[H])c([H])c([H])c1-c1c(OC([H])([H])C([H])([H])N([H])[H])c2c([H])c([H])c(F)c([H])c2c(=O)n1[H],0.0
[H]c1c([H])c([H])c2c(=O)n([H])c(C([H])([H])C([H])([H])C([H])([H])C(=O)N3C([H])([H])C([H])([H])C([H])(n4c(=O)n(C([H])([H])[H])c5c([H])c(Cl)c([H])c([H])c54)C([H])([H])C3([H])[H])nc2c1[H],0.0
[H]c1c([H])c([H])c2c(=O)n([H])c(C([H])([H])C([H])([H])C(=O)N([H])[C@]3([H])C([H])([H])C([H])([H])[C@@]([H])(n4c(=O)n([H])c5c([H])c([H])c([H])c([H])c54)C([H])([H])C3([H])[H])nc2c1[H],0.0
[H]c1c([H])c([H])c2c(c1[H])N(C1([H])C([H])([H])C([H])([H])N(C(=O)C([H])([H])C([H])([H])C([H])([H])c3nc4c([H])c([H])c([H])c([H])c4c(=O)n3[H])C([H])([H])C1([H])[H])C(=O)C2([H])[H],0.0
[H]c1nc([H])c(-c2nnc([C@]3([H])C([H])([H])C([H])([H])[C@@]([H])(N([H])C(=O)C([H])([H])C([H])([H])c4nc5c([H])c([H])c([H])c([H])c5c(=O)n4[H])C([H])([H])C3([H])[H])o2)c([H])c1[H],0.0
[H]c1nc([C@]2([H])C([H])([H])C([H])([H])[C@@]([H])(N([H])C(=O)C([H])([H])C([H])([H])C([H])([H])c3nc4c([H])c([H])c([H])c([H])c4c(=O)n3[H])C([H])([H])C2([H])[H])oc1-c1c([H])c([H])c([H])c([H])c1[H],0.0
[H]c1c([H])c([H])c(-c2nnc([C@]3([H])C([H])([H])C([H])([H])[C@@]([H])(N([H])C(=O)C([H])([H])C([H])([H])c4nc5c([H])c([H])c([H])c([H])c5c(=O)n4[H])C([H])([H])C3([H])[H])o2)c(F)c1[H],0.0
[H]c1nc(O[C@]2([H])C([H])([H])C([H])([H])[C@@]([H])(N([H])C(=O)C([H])([H])C([H])([H])C([H])([H])c3nc4c([H])c([H])c([H])c([H])c4c(=O)n3[H])C([H])([H])C2([H])[H])c([H])c([H])c1[H],0.0
[H]c1c([H])c(OC([H])([H])[H])c([H])c(-c2nnc(C3([H])C([H])([H])C([H])([H])N(C(=O)C([H])([H])C([H])([H])C([H])([H])c4nc5c([H])c([H])c([H])c([H])c5c(=O)n4[H])C([H])([H])C3([H])[H])o2)c1[H],0.0
[H]c1c([H])c([H])c(-c2nnc(C3([H])C([H])([H])C([H])([H])N(C(=O)C([H])([H])C([H])([H])C([H])([H])c4nc5c([H])c([H])c([H])c([H])c5c(=O)n4[H])C([H])([H])C3([H])[H])o2)c(F)c1[H],0.0
[H]c1nc([H])c([H])c(-c2nnc(C3([H])C([H])([H])C([H])([H])N(C(=O)C([H])([H])C([H])([H])C([H])([H])c4nc5c([H])c([H])c([H])c([H])c5c(=O)n4[H])C([H])([H])C3([H])[H])o2)c1[H],0.0
[H]c1c([H])c([H])c(C([H])([H])c2nnc([C@]3([H])C([H])([H])C([H])([H])[C@@]([H])(N([H])C(=O)C([H])([H])C([H])([H])c4nc5c([H])c([H])c([H])c([H])c5c(=O)n4[H])C([H])([H])C3([H])[H])o2)c([H])c1[H],0.0
[H]c1nc([H])c([H])c(-c2nnc([C@]3([H])C([H])([H])C([H])([H])[C@@]([H])(N([H])C(=O)C([H])([H])C([H])([H])C([H])([H])c4nc5c([H])c([H])c([H])c([H])c5c(=O)n4[H])C([H])([H])C3([H])[H])o2)c1[H],0.0
[H]c1c([H])c(F)c([H])c(-c2nnc([C@]3([H])C([H])([H])C([H])([H])[C@@]([H])(N([H])C(=O)C([H])([H])C([H])([H])C([H])([H])c4nc5c([H])c([H])c([H])c([H])c5c(=O)n4[H])C([H])([H])C3([H])[H])o2)c1[H],0.0
[H]c1c([H])c([H])c2c(=O)n([H])c(SC([H])([H])C([H])([H])C(=O)N([H])[C@]3([H])C([H])([H])C([H])([H])[C@@]([H])(n4c(=O)n([H])c5c([H])c(C#N)c([H])c([H])c54)C([H])([H])C3([H])[H])nc2c1[H],0.0
[H]c1c(F)c2c(c([H])c1N1C([H])([H])[C@]([H])(C([H])([H])[H])O[C@]([H])(C([H])([H])[H])C1([H])[H])N(C([H])([H])[H])C(=O)C21C([H])([H])C([H])([H])N(c2nc3c(c(=O)n2[H])C([H])([H])C([H])([H])C([H])([H])N3C([H])([H])[H])C([H])([H])C1([H])[H],0.0
[H]c1c([H])c([H])c(C(c2nnc([C@]3([H])C([H])([H])C([H])([H])[C@@]([H])(N([H])C(=O)C([H])([H])C([H])([H])c4nc5c([H])c([H])c([H])c([H])c5c(=O)n4[H])C([H])([H])C3([H])[H])o2)(C([H])([H])[H])C([H])([H])[H])c([H])c1[H],0.0
[H]c1c([H])c([H])c2c(=O)n([H])c(C([H])([H])C([H])([H])C([H])([H])C(=O)N3C([H])([H])C([H])([H])C([H])(c4nn([H])c5c([H])c([H])c([H])c([H])c45)C([H])([H])C3([H])[H])nc2c1[H],0.0
[H]c1c([H])c(-c2nnc(C3([H])C([H])([H])C([H])([H])N(C(=O)C([H])([H])C([H])([H])C([H])([H])c4nc5c([H])c([H])c([H])c([H])c5c(=O)n4[H])C([H])([H])C3([H])[H])o2)c([H])c(Cl)c1F,0.0
[H]c1c([H])c([H])c2c(=O)n([H])c(C([H])([H])C([H])([H])C([H])([H])C(=O)N3C([H])([H])C([H])([H])C([H])(n4nnc5c([H])c([H])c([H])c([H])c54)C([H])([H])C3([H])[H])nc2c1[H],0.0
[H]c1c([H])c(-c2nnc(C3([H])C([H])([H])C([H])([H])N(C(=O)C([H])([H])C([H])([H])C([H])([H])c4nc5c([H])c([H])c([H])c([H])c5c(=O)n4[H])C([H])([H])C3([H])[H])o2)c([H])c([H])c1C#N,0.0
[H]c1c([H])c(-c2nnc(C3([H])C([H])([H])C([H])([H])N(C(=O)C([H])([H])C([H])([H])C([H])([H])c4nc5c([H])c([H])c([H])c([H])c5c(=O)n4[H])C([H])([H])C3([H])[H])o2)c([H])c(C([H])([H])[H])c1[H],0.0
[H]c1nc2c(c([H])c1[H])n(C1([H])C([H])([H])C([H])([H])N(C(=O)C([H])([H])C([H])([H])C([H])([H])c3nc4c([H])c([H])c([H])c([H])c4c(=O)n3[H])C([H])([H])C1([H])[H])c(=O)n2[H],0.0
[H]c1nc(N2C([H])([H])C([H])([H])N(C(=O)C([H])([H])C([H])([H])c3nc4c([H])c([H])sc4c(=O)n3[H])C([H])([H])C2([H])[H])c([H])c([H])c1C#N,0.0
[H]c1c([H])c([H])c2c3c1C(=O)N([H])N=C1c3c(n2[H])C([H])([H])C([H])(C([H])([H])C([H])([H])C([H])([H])[H])C1([H])[H],0.0
[H]c1c([H])c([H])c2c(=O)n([H])c(SC([H])([H])C(=O)N([H])[C@]3([H])C([H])([H])C([H])([H])[C@@]([H])(n4c(=O)n([H])c5c([H])c([H])c(Cl)c([H])c54)C([H])([H])C3([H])[H])nc2c1[H],0.0
[H]c1nc([H])c(-c2nnc([C@]3([H])C([H])([H])C([H])([H])[C@@]([H])(N([H])C(=O)C([H])([H])C([H])([H])c4nc5c([H])c([H])c([H])c([H])c5c(=O)n4[H])C([H])([H])C3([H])[H])o2)nc1[H],0.0
[H]c1nc([H])c([H])c(O[C@]2([H])C([H])([H])C([H])([H])[C@@]([H])(N([H])C(=O)C([H])([H])C([H])([H])C([H])([H])c3nc4c([H])c([H])c([H])c([H])c4c(=O)n3[H])C([H])([H])C2([H])[H])c1[H],0.0
[H]c1c([H])c(O[C@]2([H])C([H])([H])C([H])([H])[C@@]([H])(N([H])C(=O)C([H])([H])C([H])([H])C([H])([H])c3nc4c([H])c([H])c([H])c([H])c4c(=O)n3[H])C([H])([H])C2([H])[H])c([H])c([H])c1F,0.0
[H]c1nc(-c2nnc([C@]3([H])C([H])([H])C([H])([H])[C@@]([H])(N([H])C(=O)C([H])([H])C([H])([H])c4nc5c([H])c([H])c([H])c([H])c5c(=O)n4[H])C([H])([H])C3([H])[H])o2)nc([H])c1[H],0.0
[H]c1nc(-c2nnc(C3([H])C([H])([H])C([H])([H])N(C(=O)C([H])([H])C([H])([H])C([H])([H])c4nc5c([H])c([H])c([H])c([H])c5c(=O)n4[H])C([H])([H])C3([H])[H])o2)c([H])c([H])c1[H],0.0
[H]c1c([H])c(F)c([H])c(-c2nnc([C@]3([H])C([H])([H])C([H])([H])[C@@]([H])(N([H])C(=O)C([H])([H])C([H])([H])c4nc5c([H])c([H])c([H])c([H])c5c(=O)n4[H])C([H])([H])C3([H])[H])o2)c1[H],0.0
[H]c1c([H])c(-c2nnc([C@]3([H])C([H])([H])C([H])([H])[C@@]([H])(N([H])C(=O)C([H])([H])C([H])([H])c4nc5c([H])c([H])c([H])c([H])c5c(=O)n4[H])C([H])([H])C3([H])[H])o2)c([H])c([H])c1C#N,0.0
[H]c1nc([H])c(-c2nnc(C3([H])C([H])([H])C([H])([H])N(C(=O)C([H])([H])C([H])([H])C([H])([H])c4nc5c([H])c([H])c([H])c([H])c5c(=O)n4[H])C([H])([H])C3([H])[H])o2)nc1[H],0.0
[H]c1c([H])c(-c2nnc([C@]3([H])C([H])([H])C([H])([H])[C@@]([H])(N([H])C(=O)C([H])([H])C([H])([H])c4nc5c([H])c([H])c([H])c([H])c5c(=O)n4[H])C([H])([H])C3([H])[H])o2)c([H])c([H])c1F,0.0
[H]c1c([H])c([H])c2c(=O)n([H])c(C([H])([H])C([H])([H])C(=O)N([H])[C@]3([H])C([H])([H])C([H])([H])[C@@]([H])(c4nnc(C5([H])C([H])([H])C([H])([H])C([H])([H])C([H])([H])C5([H])[H])o4)C([H])([H])C3([H])[H])nc2c1[H],0.0
[H]c1nc([H])c([H])c(-c2nnc([C@]3([H])C([H])([H])C([H])([H])[C@@]([H])(N([H])C(=O)C([H])([H])C([H])([H])c4nc5c([H])c([H])c([H])c([H])c5c(=O)n4[H])C([H])([H])C3([H])[H])o2)c1[H],0.0
[H]c1c([H])c([H])c(C([H])([H])O[C@@]2([H])C([H])([H])C([H])([H])[C@]([H])(N([H])C(=O)C([H])([H])C([H])([H])C([H])([H])c3nc4c([H])c([H])c([H])c([H])c4c(=O)n3[H])C2([H])[H])c([H])c1[H],0.0
[H]c1c([H])c([H])c2c(=O)n([H])c(C([H])([H])C([H])([H])C(=O)N([H])[C@]3([H])C([H])([H])C([H])([H])[C@@]([H])(n4c(=O)oc5c([H])c([H])c([H])c([H])c54)C([H])([H])C3([H])[H])nc2c1[H],0.0
[H]c1c([H])c([H])c(-c2nnc([C@]3([H])C([H])([H])C([H])([H])[C@@]([H])(C(=O)N([H])C([H])([H])C([H])([H])c4nc5c([H])c([H])c([H])c([H])c5c(=O)n4[H])C([H])([H])C3([H])[H])o2)c([H])c1[H],0.0
[H]c1nc(N2C([H])([H])C([H])([H])N(C(=O)C([H])([H])C([H])(c3nc4c([H])c([H])c([H])c([H])c4c(=O)n3[H])C([H])([H])[H])C([H])([H])C2([H])[H])c([H])c([H])c1C#N,0.0
[H]c1c([H])c(C(=O)C2([H])C([H])([H])C([H])([H])N([C@]3([H])C(=O)N(C([H])([H])C(=O)N([H])c4nnc5n4C([H])([H])C([H])([H])S5)C([H])([H])C3([H])[H])C([H])([H])C2([H])[H])c([H])c([H])c1OC([H])([H])[H],0.0
[H]c1nc2nc(C([H])([H])C([H])([H])C(=O)N([H])[C@]3([H])C([H])([H])C([H])([H])[C@@]([H])(c4nnc(-c5c([H])c([H])c([H])c([H])c5[H])o4)C([H])([H])C3([H])[H])n([H])c(=O)c2c([H])c1[H],0.0
[H]c1c([H])c(C(=O)C2([H])C([H])([H])C([H])([H])N([C@@]3([H])C(=O)N(C([H])([H])c4c([H])c5c([H])c([H])c([H])c([H])c(=O)c5n4[H])C([H])([H])C3([H])[H])C([H])([H])C2([H])[H])c([H])c([H])c1OC([H])([H])[H],0.0
[H]c1nc(N2C([H])([H])C([H])([H])N(C(=O)C([H])([H])C([H])([H])c3nc4sc([H])c([H])c4c(=O)n3[H])C([H])([H])C2([H])[H])c([H])c([H])c1C#N,0.0
[H]c1c([H])c(C(=O)N([H])[H])c2c(c1[H])C([H])([H])N(C1([H])C([H])([H])C([H])([H])N(C3([H])C([H])([H])C([H])([H])C([H])([H])C([H])([H])C3([H])[H])C([H])([H])C1([H])[H])C2=O,0.0
[H]c1c([H])c(C(=O)N([H])[H])c2c(c1[H])C([H])([H])N(C([H])([H])C([H])([H])C([H])([H])N1C([H])([H])c3c([H])c([H])c([H])c([H])c3C([H])([H])C1([H])[H])C2=O,0.0
